date invoice,aliac,upc,name,barcode,Ordered QTY,Size US/UK,eu size,rrp,Season,gender,color,Category,cost,silling price,customer price,Brand
45915,117624TPE,117624TPE,Slip-Ins Lace Up Mesh W/ Hotmelt,198376248741,2,10.0,40.0,300,fw25,WOMENS,TPE,Footwear,150.45,174.0,240,Skechers
45915,117624TPE,117624TPE,Slip-Ins Lace Up Mesh W/ Hotmelt,198376248666,1,6.0,36.0,300,fw25,WOMENS,TPE,Footwear,150.45,174.0,240,Skechers
45915,117624TPE,117624TPE,Slip-Ins Lace Up Mesh W/ Hotmelt,198376248680,2,7.0,37.0,300,fw25,WOMENS,TPE,Footwear,150.45,174.0,240,Skechers
45915,117624TPE,117624TPE,Slip-Ins Lace Up Mesh W/ Hotmelt,198376248697,1,7.5,37.5,300,fw25,WOMENS,TPE,Footwear,150.45,174.0,240,Skechers
45915,117624TPE,117624TPE,Slip-Ins Lace Up Mesh W/ Hotmelt,198376248703,3,8.0,38.0,300,fw25,WOMENS,TPE,Footwear,150.45,174.0,240,Skechers
45915,117624TPE,117624TPE,Slip-Ins Lace Up Mesh W/ Hotmelt,198376248710,2,8.5,38.5,300,fw25,WOMENS,TPE,Footwear,150.45,174.0,240,Skechers
45915,117624TPE,117624TPE,Slip-Ins Lace Up Mesh W/ Hotmelt,198376248727,3,9.0,39.0,300,fw25,WOMENS,TPE,Footwear,150.45,174.0,240,Skechers
45915,118423OLV,118423OLV,Slip-Ins Knit Hotmelt Lace Up Sneaker,198376322380,3,10.0,43.0,300,fw25,MENS,OLV,Footwear,150.45,174.0,240,Skechers
45915,118423OLV,118423OLV,Slip-Ins Knit Hotmelt Lace Up Sneaker,198376322397,2,10.5,44.0,300,fw25,MENS,OLV,Footwear,150.45,174.0,240,Skechers
45915,118423OLV,118423OLV,Slip-Ins Knit Hotmelt Lace Up Sneaker,198376322403,1,11.0,45.0,300,fw25,MENS,OLV,Footwear,150.45,174.0,240,Skechers
45915,118423OLV,118423OLV,Slip-Ins Knit Hotmelt Lace Up Sneaker,198376322427,1,12.0,46.0,300,fw25,MENS,OLV,Footwear,150.45,174.0,240,Skechers
45915,118423OLV,118423OLV,Slip-Ins Knit Hotmelt Lace Up Sneaker,198376322335,1,7.5,40.5,300,fw25,MENS,OLV,Footwear,150.45,174.0,240,Skechers
45915,118423OLV,118423OLV,Slip-Ins Knit Hotmelt Lace Up Sneaker,198376322342,2,8.0,41.0,300,fw25,MENS,OLV,Footwear,150.45,174.0,240,Skechers
45915,118423OLV,118423OLV,Slip-Ins Knit Hotmelt Lace Up Sneaker,198376322366,2,9.0,42.0,300,fw25,MENS,OLV,Footwear,150.45,174.0,240,Skechers
45915,118423OLV,118423OLV,Slip-Ins Knit Hotmelt Lace Up Sneaker,198376322373,2,9.5,42.5,300,fw25,MENS,OLV,Footwear,150.45,174.0,240,Skechers
45915,128630MVE,128630MVE,Leather Overlay Lace Up W/ Metallic Details,198739138665,2,10.0,40.0,320,fw25,WOMENS,MVE,Footwear,160.48,185.6,256,Leather
45915,128630MVE,128630MVE,Leather Overlay Lace Up W/ Metallic Details,198739138580,1,6.0,36.0,320,fw25,WOMENS,MVE,Footwear,160.48,185.6,256,Leather
45915,128630MVE,128630MVE,Leather Overlay Lace Up W/ Metallic Details,198739138603,2,7.0,37.0,320,fw25,WOMENS,MVE,Footwear,160.48,185.6,256,Leather
45915,128630MVE,128630MVE,Leather Overlay Lace Up W/ Metallic Details,198739138610,1,7.5,37.5,320,fw25,WOMENS,MVE,Footwear,160.48,185.6,256,Leather
45915,128630MVE,128630MVE,Leather Overlay Lace Up W/ Metallic Details,198739138627,3,8.0,38.0,320,fw25,WOMENS,MVE,Footwear,160.48,185.6,256,Leather
45915,128630MVE,128630MVE,Leather Overlay Lace Up W/ Metallic Details,198739138634,2,8.5,38.5,320,fw25,WOMENS,MVE,Footwear,160.48,185.6,256,Leather
45915,128630MVE,128630MVE,Leather Overlay Lace Up W/ Metallic Details,198739138641,3,9.0,39.0,320,fw25,WOMENS,MVE,Footwear,160.48,185.6,256,Leather
45915,149807WHT,149807WHT,Layered Quarter Overlay Lace-Up W/ Air-Cooled Mf,196989650753,2,10.0,40.0,300,fw25,WOMENS,WHT,Footwear,150.45,174.0,240,Layered
45915,149807WHT,149807WHT,Layered Quarter Overlay Lace-Up W/ Air-Cooled Mf,196989650678,1,6.0,36.0,300,fw25,WOMENS,WHT,Footwear,150.45,174.0,240,Layered
45915,149807WHT,149807WHT,Layered Quarter Overlay Lace-Up W/ Air-Cooled Mf,196989650692,2,7.0,37.0,300,fw25,WOMENS,WHT,Footwear,150.45,174.0,240,Layered
45915,149807WHT,149807WHT,Layered Quarter Overlay Lace-Up W/ Air-Cooled Mf,196989650708,1,7.5,37.5,300,fw25,WOMENS,WHT,Footwear,150.45,174.0,240,Layered
45915,149807WHT,149807WHT,Layered Quarter Overlay Lace-Up W/ Air-Cooled Mf,196989650715,3,8.0,38.0,300,fw25,WOMENS,WHT,Footwear,150.45,174.0,240,Layered
45915,149807WHT,149807WHT,Layered Quarter Overlay Lace-Up W/ Air-Cooled Mf,196989650722,2,8.5,38.5,300,fw25,WOMENS,WHT,Footwear,150.45,174.0,240,Layered
45915,149807WHT,149807WHT,Layered Quarter Overlay Lace-Up W/ Air-Cooled Mf,196989650739,3,9.0,39.0,300,fw25,WOMENS,WHT,Footwear,150.45,174.0,240,Layered
45915,150521STOL,150521STOL,Duraleather Overlay Mesh Lace-Up W/ Air-Cooled M,197976692855,2,10.0,40.0,300,fw25,WOMENS,STOL,Footwear,150.45,174.0,240,Duraleather
45915,150521STOL,150521STOL,Duraleather Overlay Mesh Lace-Up W/ Air-Cooled M,197976692770,1,6.0,36.0,300,fw25,WOMENS,STOL,Footwear,150.45,174.0,240,Duraleather
45915,150521STOL,150521STOL,Duraleather Overlay Mesh Lace-Up W/ Air-Cooled M,197976692794,2,7.0,37.0,300,fw25,WOMENS,STOL,Footwear,150.45,174.0,240,Duraleather
45915,150521STOL,150521STOL,Duraleather Overlay Mesh Lace-Up W/ Air-Cooled M,197976692800,1,7.5,37.5,300,fw25,WOMENS,STOL,Footwear,150.45,174.0,240,Duraleather
45915,150521STOL,150521STOL,Duraleather Overlay Mesh Lace-Up W/ Air-Cooled M,197976692817,3,8.0,38.0,300,fw25,WOMENS,STOL,Footwear,150.45,174.0,240,Duraleather
45915,150521STOL,150521STOL,Duraleather Overlay Mesh Lace-Up W/ Air-Cooled M,197976692824,2,8.5,38.5,300,fw25,WOMENS,STOL,Footwear,150.45,174.0,240,Duraleather
45915,150521STOL,150521STOL,Duraleather Overlay Mesh Lace-Up W/ Air-Cooled M,197976692831,3,9.0,39.0,300,fw25,WOMENS,STOL,Footwear,150.45,174.0,240,Duraleather
45915,177710W,177710W,"""Embossed Leather, Contrast Piping And Lining La",197976175570,2,10.0,40.0,350,fw25,WOMENS,W,Footwear,175.525,203.0,280,"""Embossed"
45915,177710W,177710W,"""Embossed Leather, Contrast Piping And Lining La",197976175495,1,6.0,36.0,350,fw25,WOMENS,W,Footwear,175.525,203.0,280,"""Embossed"
45915,177710W,177710W,"""Embossed Leather, Contrast Piping And Lining La",197976175518,2,7.0,37.0,350,fw25,WOMENS,W,Footwear,175.525,203.0,280,"""Embossed"
45915,177710W,177710W,"""Embossed Leather, Contrast Piping And Lining La",197976175525,1,7.5,37.5,350,fw25,WOMENS,W,Footwear,175.525,203.0,280,"""Embossed"
45915,177710W,177710W,"""Embossed Leather, Contrast Piping And Lining La",197976175532,3,8.0,38.0,350,fw25,WOMENS,W,Footwear,175.525,203.0,280,"""Embossed"
45915,177710W,177710W,"""Embossed Leather, Contrast Piping And Lining La",197976175549,2,8.5,38.5,350,fw25,WOMENS,W,Footwear,175.525,203.0,280,"""Embossed"
45915,177710W,177710W,"""Embossed Leather, Contrast Piping And Lining La",197976175556,3,9.0,39.0,350,fw25,WOMENS,W,Footwear,175.525,203.0,280,"""Embossed"
45915,205227BBK,205227BBK,Round Toe Leather Chelsea,197976465695,3,10.0,43.0,400,fw25,MENS,BBK,Footwear,200.6,232.0,320,Round
45915,205227BBK,205227BBK,Round Toe Leather Chelsea,197976465701,2,10.5,44.0,400,fw25,MENS,BBK,Footwear,200.6,232.0,320,Round
45915,205227BBK,205227BBK,Round Toe Leather Chelsea,197976465718,1,11.0,45.0,400,fw25,MENS,BBK,Footwear,200.6,232.0,320,Round
45915,205227BBK,205227BBK,Round Toe Leather Chelsea,197976465732,1,12.0,46.0,400,fw25,MENS,BBK,Footwear,200.6,232.0,320,Round
45915,205227BBK,205227BBK,Round Toe Leather Chelsea,197976465640,1,7.5,40.5,400,fw25,MENS,BBK,Footwear,200.6,232.0,320,Round
45915,205227BBK,205227BBK,Round Toe Leather Chelsea,197976465657,2,8.0,41.0,400,fw25,MENS,BBK,Footwear,200.6,232.0,320,Round
45915,205227BBK,205227BBK,Round Toe Leather Chelsea,197976465671,2,9.0,42.0,400,fw25,MENS,BBK,Footwear,200.6,232.0,320,Round
45915,205227BBK,205227BBK,Round Toe Leather Chelsea,197976465688,2,9.5,42.5,400,fw25,MENS,BBK,Footwear,200.6,232.0,320,Round
45915,205227CHOC,205227CHOC,Round Toe Leather Chelsea,197976465824,3,10.0,43.0,400,fw25,MENS,CHOC,Footwear,200.6,232.0,320,Round
45915,205227CHOC,205227CHOC,Round Toe Leather Chelsea,197976465831,2,10.5,44.0,400,fw25,MENS,CHOC,Footwear,200.6,232.0,320,Round
45915,205227CHOC,205227CHOC,Round Toe Leather Chelsea,197976465848,1,11.0,45.0,400,fw25,MENS,CHOC,Footwear,200.6,232.0,320,Round
45915,205227CHOC,205227CHOC,Round Toe Leather Chelsea,197976465862,1,12.0,46.0,400,fw25,MENS,CHOC,Footwear,200.6,232.0,320,Round
45915,205227CHOC,205227CHOC,Round Toe Leather Chelsea,197976465770,1,7.5,40.5,400,fw25,MENS,CHOC,Footwear,200.6,232.0,320,Round
45915,205227CHOC,205227CHOC,Round Toe Leather Chelsea,197976465787,2,8.0,41.0,400,fw25,MENS,CHOC,Footwear,200.6,232.0,320,Round
45915,205227CHOC,205227CHOC,Round Toe Leather Chelsea,197976465800,2,9.0,42.0,400,fw25,MENS,CHOC,Footwear,200.6,232.0,320,Round
45915,205227CHOC,205227CHOC,Round Toe Leather Chelsea,197976465817,2,9.5,42.5,400,fw25,MENS,CHOC,Footwear,200.6,232.0,320,Round
45915,216354BBK,216354BBK,Two Tone Engineered Knit Bungee,198739087994,6,10.5,44.0,350,fw25,MENS,BBK,Footwear,175.525,203.0,280,Two
45915,216354BBK,216354BBK,Two Tone Engineered Knit Bungee,198739088007,3,11.0,44.5,350,fw25,MENS,BBK,Footwear,175.525,203.0,280,Two
45915,216354BBK,216354BBK,Two Tone Engineered Knit Bungee,198739088014,3,11.5,45.0,350,fw25,MENS,BBK,Footwear,175.525,203.0,280,Two
45915,216354BBK,216354BBK,Two Tone Engineered Knit Bungee,198739088038,3,12.5,46.0,350,fw25,MENS,BBK,Footwear,175.525,203.0,280,Two
45915,216354BBK,216354BBK,Two Tone Engineered Knit Bungee,198739087932,3,7.5,40.5,350,fw25,MENS,BBK,Footwear,175.525,203.0,280,Two
45915,216354BBK,216354BBK,Two Tone Engineered Knit Bungee,198739087949,3,8.0,41.0,350,fw25,MENS,BBK,Footwear,175.525,203.0,280,Two
45915,216354BBK,216354BBK,Two Tone Engineered Knit Bungee,198739087956,6,8.5,42.0,350,fw25,MENS,BBK,Footwear,175.525,203.0,280,Two
45915,216354BBK,216354BBK,Two Tone Engineered Knit Bungee,198739087963,6,9.0,42.5,350,fw25,MENS,BBK,Footwear,175.525,203.0,280,Two
45915,216354BBK,216354BBK,Two Tone Engineered Knit Bungee,198739087970,9,9.5,43.0,350,fw25,MENS,BBK,Footwear,175.525,203.0,280,Two
45915,216354GYCC,216354GYCC,Two Tone Engineered Knit Bungee,198376277307,4,10.5,44.0,350,fw25,MENS,GYCC,Footwear,175.525,203.0,280,Two
45915,216354GYCC,216354GYCC,Two Tone Engineered Knit Bungee,198376277314,2,11.0,44.5,350,fw25,MENS,GYCC,Footwear,175.525,203.0,280,Two
45915,216354GYCC,216354GYCC,Two Tone Engineered Knit Bungee,198376277321,2,11.5,45.0,350,fw25,MENS,GYCC,Footwear,175.525,203.0,280,Two
45915,216354GYCC,216354GYCC,Two Tone Engineered Knit Bungee,198376277345,2,12.5,46.0,350,fw25,MENS,GYCC,Footwear,175.525,203.0,280,Two
45915,216354GYCC,216354GYCC,Two Tone Engineered Knit Bungee,198376277246,2,7.5,40.5,350,fw25,MENS,GYCC,Footwear,175.525,203.0,280,Two
45915,216354GYCC,216354GYCC,Two Tone Engineered Knit Bungee,198376277253,2,8.0,41.0,350,fw25,MENS,GYCC,Footwear,175.525,203.0,280,Two
45915,216354GYCC,216354GYCC,Two Tone Engineered Knit Bungee,198376277260,4,8.5,42.0,350,fw25,MENS,GYCC,Footwear,175.525,203.0,280,Two
45915,216354GYCC,216354GYCC,Two Tone Engineered Knit Bungee,198376277277,4,9.0,42.5,350,fw25,MENS,GYCC,Footwear,175.525,203.0,280,Two
45915,216354GYCC,216354GYCC,Two Tone Engineered Knit Bungee,198376277284,6,9.5,43.0,350,fw25,MENS,GYCC,Footwear,175.525,203.0,280,Two
45915,216354GYCC,216354GYCC,Two Tone Engineered Knit Bungee,198376277307,2,10.5,44.0,350,fw25,MENS,GYCC,Footwear,175.525,203.0,280,Two
45915,216354GYCC,216354GYCC,Two Tone Engineered Knit Bungee,198376277314,1,11.0,44.5,350,fw25,MENS,GYCC,Footwear,175.525,203.0,280,Two
45915,216354GYCC,216354GYCC,Two Tone Engineered Knit Bungee,198376277321,1,11.5,45.0,350,fw25,MENS,GYCC,Footwear,175.525,203.0,280,Two
45915,216354GYCC,216354GYCC,Two Tone Engineered Knit Bungee,198376277345,1,12.5,46.0,350,fw25,MENS,GYCC,Footwear,175.525,203.0,280,Two
45915,216354GYCC,216354GYCC,Two Tone Engineered Knit Bungee,198376277246,1,7.5,40.5,350,fw25,MENS,GYCC,Footwear,175.525,203.0,280,Two
45915,216354GYCC,216354GYCC,Two Tone Engineered Knit Bungee,198376277253,1,8.0,41.0,350,fw25,MENS,GYCC,Footwear,175.525,203.0,280,Two
45915,216354GYCC,216354GYCC,Two Tone Engineered Knit Bungee,198376277260,2,8.5,42.0,350,fw25,MENS,GYCC,Footwear,175.525,203.0,280,Two
45915,216354GYCC,216354GYCC,Two Tone Engineered Knit Bungee,198376277277,2,9.0,42.5,350,fw25,MENS,GYCC,Footwear,175.525,203.0,280,Two
45915,216354GYCC,216354GYCC,Two Tone Engineered Knit Bungee,198376277284,3,9.5,43.0,350,fw25,MENS,GYCC,Footwear,175.525,203.0,280,Two
45915,216372BBK,216372BBK,Slip-Ins - Two Tone Engineered Mesh Stretch Fit,198376885892,2,10.5,44.0,350,fw25,MENS,BBK,Footwear,175.525,203.0,280,Skechers
45915,216372BBK,216372BBK,Slip-Ins - Two Tone Engineered Mesh Stretch Fit,198376885908,1,11.0,44.5,350,fw25,MENS,BBK,Footwear,175.525,203.0,280,Skechers
45915,216372BBK,216372BBK,Slip-Ins - Two Tone Engineered Mesh Stretch Fit,198376885915,1,11.5,45.0,350,fw25,MENS,BBK,Footwear,175.525,203.0,280,Skechers
45915,216372BBK,216372BBK,Slip-Ins - Two Tone Engineered Mesh Stretch Fit,198376885939,1,12.5,46.0,350,fw25,MENS,BBK,Footwear,175.525,203.0,280,Skechers
45915,216372BBK,216372BBK,Slip-Ins - Two Tone Engineered Mesh Stretch Fit,198376885830,1,7.5,40.5,350,fw25,MENS,BBK,Footwear,175.525,203.0,280,Skechers
45915,216372BBK,216372BBK,Slip-Ins - Two Tone Engineered Mesh Stretch Fit,198376885847,1,8.0,41.0,350,fw25,MENS,BBK,Footwear,175.525,203.0,280,Skechers
45915,216372BBK,216372BBK,Slip-Ins - Two Tone Engineered Mesh Stretch Fit,198376885854,2,8.5,42.0,350,fw25,MENS,BBK,Footwear,175.525,203.0,280,Skechers
45915,216372BBK,216372BBK,Slip-Ins - Two Tone Engineered Mesh Stretch Fit,198376885861,2,9.0,42.5,350,fw25,MENS,BBK,Footwear,175.525,203.0,280,Skechers
45915,216372BBK,216372BBK,Slip-Ins - Two Tone Engineered Mesh Stretch Fit,198376885878,3,9.5,43.0,350,fw25,MENS,BBK,Footwear,175.525,203.0,280,Skechers
45915,216663BBK,216663BBK,Slip-Ins - Grid Mesh Bungee W/ Hotmelt And Overl,198739741865,2,10.5,44.0,400,fw25,MENS,BBK,Footwear,200.6,232.0,320,Skechers
45915,216663BBK,216663BBK,Slip-Ins - Grid Mesh Bungee W/ Hotmelt And Overl,198739741872,1,11.0,44.5,400,fw25,MENS,BBK,Footwear,200.6,232.0,320,Skechers
45915,216663BBK,216663BBK,Slip-Ins - Grid Mesh Bungee W/ Hotmelt And Overl,198739741889,1,11.5,45.0,400,fw25,MENS,BBK,Footwear,200.6,232.0,320,Skechers
45915,216663BBK,216663BBK,Slip-Ins - Grid Mesh Bungee W/ Hotmelt And Overl,198739741902,1,12.5,46.0,400,fw25,MENS,BBK,Footwear,200.6,232.0,320,Skechers
45915,216663BBK,216663BBK,Slip-Ins - Grid Mesh Bungee W/ Hotmelt And Overl,198739741803,1,7.5,40.5,400,fw25,MENS,BBK,Footwear,200.6,232.0,320,Skechers
45915,216663BBK,216663BBK,Slip-Ins - Grid Mesh Bungee W/ Hotmelt And Overl,198739741810,1,8.0,41.0,400,fw25,MENS,BBK,Footwear,200.6,232.0,320,Skechers
45915,216663BBK,216663BBK,Slip-Ins - Grid Mesh Bungee W/ Hotmelt And Overl,198739741827,2,8.5,42.0,400,fw25,MENS,BBK,Footwear,200.6,232.0,320,Skechers
45915,216663BBK,216663BBK,Slip-Ins - Grid Mesh Bungee W/ Hotmelt And Overl,198739741834,2,9.0,42.5,400,fw25,MENS,BBK,Footwear,200.6,232.0,320,Skechers
45915,216663BBK,216663BBK,Slip-Ins - Grid Mesh Bungee W/ Hotmelt And Overl,198739741841,3,9.5,43.0,400,fw25,MENS,BBK,Footwear,200.6,232.0,320,Skechers
45915,220382BKGY,220382BKGY,Engineered Mesh Lace Up,198376747398,2,10.5,44.0,280,fw25,MENS,BKGY,Footwear,140.42,162.4,224,Engineered
45915,220382BKGY,220382BKGY,Engineered Mesh Lace Up,198376747404,1,11.0,44.5,280,fw25,MENS,BKGY,Footwear,140.42,162.4,224,Engineered
45915,220382BKGY,220382BKGY,Engineered Mesh Lace Up,198376747411,1,11.5,45.0,280,fw25,MENS,BKGY,Footwear,140.42,162.4,224,Engineered
45915,220382BKGY,220382BKGY,Engineered Mesh Lace Up,198376747435,1,12.5,46.0,280,fw25,MENS,BKGY,Footwear,140.42,162.4,224,Engineered
45915,220382BKGY,220382BKGY,Engineered Mesh Lace Up,198376747336,1,7.5,40.5,280,fw25,MENS,BKGY,Footwear,140.42,162.4,224,Engineered
45915,220382BKGY,220382BKGY,Engineered Mesh Lace Up,198376747343,1,8.0,41.0,280,fw25,MENS,BKGY,Footwear,140.42,162.4,224,Engineered
45915,220382BKGY,220382BKGY,Engineered Mesh Lace Up,198376747350,2,8.5,42.0,280,fw25,MENS,BKGY,Footwear,140.42,162.4,224,Engineered
45915,220382BKGY,220382BKGY,Engineered Mesh Lace Up,198376747367,2,9.0,42.5,280,fw25,MENS,BKGY,Footwear,140.42,162.4,224,Engineered
45915,220382BKGY,220382BKGY,Engineered Mesh Lace Up,198376747374,3,9.5,43.0,280,fw25,MENS,BKGY,Footwear,140.42,162.4,224,Engineered
45915,220615CHAR,220615CHAR,Air Cooled Grid Mesh Lace Up W/ Hotmelt Details,198376414559,2,10.5,44.0,320,fw25,MENS,CHAR,Footwear,160.48,185.6,256,Air
45915,220615CHAR,220615CHAR,Air Cooled Grid Mesh Lace Up W/ Hotmelt Details,198376414566,1,11.0,44.5,320,fw25,MENS,CHAR,Footwear,160.48,185.6,256,Air
45915,220615CHAR,220615CHAR,Air Cooled Grid Mesh Lace Up W/ Hotmelt Details,198376414573,1,11.5,45.0,320,fw25,MENS,CHAR,Footwear,160.48,185.6,256,Air
45915,220615CHAR,220615CHAR,Air Cooled Grid Mesh Lace Up W/ Hotmelt Details,198376414597,1,12.5,46.0,320,fw25,MENS,CHAR,Footwear,160.48,185.6,256,Air
45915,220615CHAR,220615CHAR,Air Cooled Grid Mesh Lace Up W/ Hotmelt Details,198376414498,1,7.5,40.5,320,fw25,MENS,CHAR,Footwear,160.48,185.6,256,Air
45915,220615CHAR,220615CHAR,Air Cooled Grid Mesh Lace Up W/ Hotmelt Details,198376414504,1,8.0,41.0,320,fw25,MENS,CHAR,Footwear,160.48,185.6,256,Air
45915,220615CHAR,220615CHAR,Air Cooled Grid Mesh Lace Up W/ Hotmelt Details,198376414511,2,8.5,42.0,320,fw25,MENS,CHAR,Footwear,160.48,185.6,256,Air
45915,220615CHAR,220615CHAR,Air Cooled Grid Mesh Lace Up W/ Hotmelt Details,198376414528,2,9.0,42.5,320,fw25,MENS,CHAR,Footwear,160.48,185.6,256,Air
45915,220615CHAR,220615CHAR,Air Cooled Grid Mesh Lace Up W/ Hotmelt Details,198376414535,3,9.5,43.0,320,fw25,MENS,CHAR,Footwear,160.48,185.6,256,Air
45915,220757BBK,220757BBK,100% Waterproof - Trail - Lace Up W/ Overlays,197976364882,2,10.5,44.0,450,fw25,MENS,BBK,Footwear,225.675,261.0,360,100%
45915,220757BBK,220757BBK,100% Waterproof - Trail - Lace Up W/ Overlays,197976364899,1,11.0,44.5,450,fw25,MENS,BBK,Footwear,225.675,261.0,360,100%
45915,220757BBK,220757BBK,100% Waterproof - Trail - Lace Up W/ Overlays,197976364905,1,11.5,45.0,450,fw25,MENS,BBK,Footwear,225.675,261.0,360,100%
45915,220757BBK,220757BBK,100% Waterproof - Trail - Lace Up W/ Overlays,197976364929,1,12.5,46.0,450,fw25,MENS,BBK,Footwear,225.675,261.0,360,100%
45915,220757BBK,220757BBK,100% Waterproof - Trail - Lace Up W/ Overlays,197976364820,1,7.5,40.5,450,fw25,MENS,BBK,Footwear,225.675,261.0,360,100%
45915,220757BBK,220757BBK,100% Waterproof - Trail - Lace Up W/ Overlays,197976364837,1,8.0,41.0,450,fw25,MENS,BBK,Footwear,225.675,261.0,360,100%
45915,220757BBK,220757BBK,100% Waterproof - Trail - Lace Up W/ Overlays,197976364844,2,8.5,42.0,450,fw25,MENS,BBK,Footwear,225.675,261.0,360,100%
45915,220757BBK,220757BBK,100% Waterproof - Trail - Lace Up W/ Overlays,197976364851,2,9.0,42.5,450,fw25,MENS,BBK,Footwear,225.675,261.0,360,100%
45915,220757BBK,220757BBK,100% Waterproof - Trail - Lace Up W/ Overlays,197976364868,3,9.5,43.0,450,fw25,MENS,BBK,Footwear,225.675,261.0,360,100%
45915,220757GYOR,220757GYOR,100% Waterproof - Trail - Lace Up W/ Overlays,197976543034,2,10.5,44.0,450,fw25,MENS,GYOR,Footwear,225.675,261.0,360,100%
45915,220757GYOR,220757GYOR,100% Waterproof - Trail - Lace Up W/ Overlays,197976543041,1,11.0,44.5,450,fw25,MENS,GYOR,Footwear,225.675,261.0,360,100%
45915,220757GYOR,220757GYOR,100% Waterproof - Trail - Lace Up W/ Overlays,197976543058,1,11.5,45.0,450,fw25,MENS,GYOR,Footwear,225.675,261.0,360,100%
45915,220757GYOR,220757GYOR,100% Waterproof - Trail - Lace Up W/ Overlays,197976543072,1,12.5,46.0,450,fw25,MENS,GYOR,Footwear,225.675,261.0,360,100%
45915,220757GYOR,220757GYOR,100% Waterproof - Trail - Lace Up W/ Overlays,197976542976,1,7.5,40.5,450,fw25,MENS,GYOR,Footwear,225.675,261.0,360,100%
45915,220757GYOR,220757GYOR,100% Waterproof - Trail - Lace Up W/ Overlays,197976542983,1,8.0,41.0,450,fw25,MENS,GYOR,Footwear,225.675,261.0,360,100%
45915,220757GYOR,220757GYOR,100% Waterproof - Trail - Lace Up W/ Overlays,197976542990,2,8.5,42.0,450,fw25,MENS,GYOR,Footwear,225.675,261.0,360,100%
45915,220757GYOR,220757GYOR,100% Waterproof - Trail - Lace Up W/ Overlays,197976543003,2,9.0,42.5,450,fw25,MENS,GYOR,Footwear,225.675,261.0,360,100%
45915,220757GYOR,220757GYOR,100% Waterproof - Trail - Lace Up W/ Overlays,197976543010,3,9.5,43.0,450,fw25,MENS,GYOR,Footwear,225.675,261.0,360,100%
45915,220864BBK,220864BBK,Basic Mesh Lace Up W/ Full Rubber Bottom,197627603650,2,10.5,44.0,280,fw25,MENS,BBK,Footwear,140.42,162.4,224,Basic
45915,220864BBK,220864BBK,Basic Mesh Lace Up W/ Full Rubber Bottom,197627603667,1,11.0,44.5,280,fw25,MENS,BBK,Footwear,140.42,162.4,224,Basic
45915,220864BBK,220864BBK,Basic Mesh Lace Up W/ Full Rubber Bottom,197627603674,1,11.5,45.0,280,fw25,MENS,BBK,Footwear,140.42,162.4,224,Basic
45915,220864BBK,220864BBK,Basic Mesh Lace Up W/ Full Rubber Bottom,197627603698,1,12.5,46.0,280,fw25,MENS,BBK,Footwear,140.42,162.4,224,Basic
45915,220864BBK,220864BBK,Basic Mesh Lace Up W/ Full Rubber Bottom,197627603599,1,7.5,40.5,280,fw25,MENS,BBK,Footwear,140.42,162.4,224,Basic
45915,220864BBK,220864BBK,Basic Mesh Lace Up W/ Full Rubber Bottom,197627603605,1,8.0,41.0,280,fw25,MENS,BBK,Footwear,140.42,162.4,224,Basic
45915,220864BBK,220864BBK,Basic Mesh Lace Up W/ Full Rubber Bottom,197627603612,2,8.5,42.0,280,fw25,MENS,BBK,Footwear,140.42,162.4,224,Basic
45915,220864BBK,220864BBK,Basic Mesh Lace Up W/ Full Rubber Bottom,197627603629,2,9.0,42.5,280,fw25,MENS,BBK,Footwear,140.42,162.4,224,Basic
45915,220864BBK,220864BBK,Basic Mesh Lace Up W/ Full Rubber Bottom,197627603636,3,9.5,43.0,280,fw25,MENS,BBK,Footwear,140.42,162.4,224,Basic
45915,220864BKW,220864BKW,Basic Mesh Lace Up W/ Full Rubber Bottom,197627603797,2,10.5,44.0,280,fw25,MENS,BKW,Footwear,140.42,162.4,224,Basic
45915,220864BKW,220864BKW,Basic Mesh Lace Up W/ Full Rubber Bottom,197627603803,1,11.0,44.5,280,fw25,MENS,BKW,Footwear,140.42,162.4,224,Basic
45915,220864BKW,220864BKW,Basic Mesh Lace Up W/ Full Rubber Bottom,197627603810,1,11.5,45.0,280,fw25,MENS,BKW,Footwear,140.42,162.4,224,Basic
45915,220864BKW,220864BKW,Basic Mesh Lace Up W/ Full Rubber Bottom,197627603834,1,12.5,46.0,280,fw25,MENS,BKW,Footwear,140.42,162.4,224,Basic
45915,220864BKW,220864BKW,Basic Mesh Lace Up W/ Full Rubber Bottom,197627603735,1,7.5,40.5,280,fw25,MENS,BKW,Footwear,140.42,162.4,224,Basic
45915,220864BKW,220864BKW,Basic Mesh Lace Up W/ Full Rubber Bottom,197627603742,1,8.0,41.0,280,fw25,MENS,BKW,Footwear,140.42,162.4,224,Basic
45915,220864BKW,220864BKW,Basic Mesh Lace Up W/ Full Rubber Bottom,197627603759,2,8.5,42.0,280,fw25,MENS,BKW,Footwear,140.42,162.4,224,Basic
45915,220864BKW,220864BKW,Basic Mesh Lace Up W/ Full Rubber Bottom,197627603766,2,9.0,42.5,280,fw25,MENS,BKW,Footwear,140.42,162.4,224,Basic
45915,220864BKW,220864BKW,Basic Mesh Lace Up W/ Full Rubber Bottom,197627603773,3,9.5,43.0,280,fw25,MENS,BKW,Footwear,140.42,162.4,224,Basic
45915,232839BKCC,232839BKCC,Slip-Ins Engineered Knit Slip-On Sneaker W/ Air-,198739006421,3,10.0,43.0,330,fw25,MENS,BKCC,Footwear,165.495,191.4,264,Skechers
45915,232839BKCC,232839BKCC,Slip-Ins Engineered Knit Slip-On Sneaker W/ Air-,198739006438,2,10.5,44.0,330,fw25,MENS,BKCC,Footwear,165.495,191.4,264,Skechers
45915,232839BKCC,232839BKCC,Slip-Ins Engineered Knit Slip-On Sneaker W/ Air-,198739006445,1,11.0,45.0,330,fw25,MENS,BKCC,Footwear,165.495,191.4,264,Skechers
45915,232839BKCC,232839BKCC,Slip-Ins Engineered Knit Slip-On Sneaker W/ Air-,198739006469,1,12.0,46.0,330,fw25,MENS,BKCC,Footwear,165.495,191.4,264,Skechers
45915,232839BKCC,232839BKCC,Slip-Ins Engineered Knit Slip-On Sneaker W/ Air-,198739006377,1,7.5,40.5,330,fw25,MENS,BKCC,Footwear,165.495,191.4,264,Skechers
45915,232839BKCC,232839BKCC,Slip-Ins Engineered Knit Slip-On Sneaker W/ Air-,198739006384,2,8.0,41.0,330,fw25,MENS,BKCC,Footwear,165.495,191.4,264,Skechers
45915,232839BKCC,232839BKCC,Slip-Ins Engineered Knit Slip-On Sneaker W/ Air-,198739006407,2,9.0,42.0,330,fw25,MENS,BKCC,Footwear,165.495,191.4,264,Skechers
45915,232839BKCC,232839BKCC,Slip-Ins Engineered Knit Slip-On Sneaker W/ Air-,198739006414,2,9.5,42.5,330,fw25,MENS,BKCC,Footwear,165.495,191.4,264,Skechers
45915,232839TPE,232839TPE,Slip-Ins Engineered Knit Slip-On Sneaker W/ Air-,198376695859,3,10.0,43.0,330,fw25,MENS,TPE,Footwear,165.495,191.4,264,Skechers
45915,232839TPE,232839TPE,Slip-Ins Engineered Knit Slip-On Sneaker W/ Air-,198376695866,2,10.5,44.0,330,fw25,MENS,TPE,Footwear,165.495,191.4,264,Skechers
45915,232839TPE,232839TPE,Slip-Ins Engineered Knit Slip-On Sneaker W/ Air-,198376695873,1,11.0,45.0,330,fw25,MENS,TPE,Footwear,165.495,191.4,264,Skechers
45915,232839TPE,232839TPE,Slip-Ins Engineered Knit Slip-On Sneaker W/ Air-,198376695897,1,12.0,46.0,330,fw25,MENS,TPE,Footwear,165.495,191.4,264,Skechers
45915,232839TPE,232839TPE,Slip-Ins Engineered Knit Slip-On Sneaker W/ Air-,198376695804,1,7.5,40.5,330,fw25,MENS,TPE,Footwear,165.495,191.4,264,Skechers
45915,232839TPE,232839TPE,Slip-Ins Engineered Knit Slip-On Sneaker W/ Air-,198376695811,2,8.0,41.0,330,fw25,MENS,TPE,Footwear,165.495,191.4,264,Skechers
45915,232839TPE,232839TPE,Slip-Ins Engineered Knit Slip-On Sneaker W/ Air-,198376695835,2,9.0,42.0,330,fw25,MENS,TPE,Footwear,165.495,191.4,264,Skechers
45915,232839TPE,232839TPE,Slip-Ins Engineered Knit Slip-On Sneaker W/ Air-,198376695842,2,9.5,42.5,330,fw25,MENS,TPE,Footwear,165.495,191.4,264,Skechers
45915,233076BKCC,233076BKCC,Leather Overlay Mesh Lace Up Sneaker W/ Swan Log,198739026917,3,10.0,43.0,300,fw25,MENS,BKCC,Footwear,150.45,174.0,240,Leather
45915,233076BKCC,233076BKCC,Leather Overlay Mesh Lace Up Sneaker W/ Swan Log,198739026924,2,10.5,44.0,300,fw25,MENS,BKCC,Footwear,150.45,174.0,240,Leather
45915,233076BKCC,233076BKCC,Leather Overlay Mesh Lace Up Sneaker W/ Swan Log,198739026931,1,11.0,45.0,300,fw25,MENS,BKCC,Footwear,150.45,174.0,240,Leather
45915,233076BKCC,233076BKCC,Leather Overlay Mesh Lace Up Sneaker W/ Swan Log,198739026955,1,12.0,46.0,300,fw25,MENS,BKCC,Footwear,150.45,174.0,240,Leather
45915,233076BKCC,233076BKCC,Leather Overlay Mesh Lace Up Sneaker W/ Swan Log,198739026863,1,7.5,40.5,300,fw25,MENS,BKCC,Footwear,150.45,174.0,240,Leather
45915,233076BKCC,233076BKCC,Leather Overlay Mesh Lace Up Sneaker W/ Swan Log,198739026870,2,8.0,41.0,300,fw25,MENS,BKCC,Footwear,150.45,174.0,240,Leather
45915,233076BKCC,233076BKCC,Leather Overlay Mesh Lace Up Sneaker W/ Swan Log,198739026894,2,9.0,42.0,300,fw25,MENS,BKCC,Footwear,150.45,174.0,240,Leather
45915,233076BKCC,233076BKCC,Leather Overlay Mesh Lace Up Sneaker W/ Swan Log,198739026900,2,9.5,42.5,300,fw25,MENS,BKCC,Footwear,150.45,174.0,240,Leather
45915,233076NAT,233076NAT,Leather Overlay Mesh Lace Up Sneaker W/ Swan Log,198739007428,3,10.0,43.0,300,fw25,MENS,NAT,Footwear,150.45,174.0,240,Leather
45915,233076NAT,233076NAT,Leather Overlay Mesh Lace Up Sneaker W/ Swan Log,198739007435,2,10.5,44.0,300,fw25,MENS,NAT,Footwear,150.45,174.0,240,Leather
45915,233076NAT,233076NAT,Leather Overlay Mesh Lace Up Sneaker W/ Swan Log,198739007442,1,11.0,45.0,300,fw25,MENS,NAT,Footwear,150.45,174.0,240,Leather
45915,233076NAT,233076NAT,Leather Overlay Mesh Lace Up Sneaker W/ Swan Log,198739007466,1,12.0,46.0,300,fw25,MENS,NAT,Footwear,150.45,174.0,240,Leather
45915,233076NAT,233076NAT,Leather Overlay Mesh Lace Up Sneaker W/ Swan Log,198739007374,1,7.5,40.5,300,fw25,MENS,NAT,Footwear,150.45,174.0,240,Leather
45915,233076NAT,233076NAT,Leather Overlay Mesh Lace Up Sneaker W/ Swan Log,198739007381,2,8.0,41.0,300,fw25,MENS,NAT,Footwear,150.45,174.0,240,Leather
45915,233076NAT,233076NAT,Leather Overlay Mesh Lace Up Sneaker W/ Swan Log,198739007404,2,9.0,42.0,300,fw25,MENS,NAT,Footwear,150.45,174.0,240,Leather
45915,233076NAT,233076NAT,Leather Overlay Mesh Lace Up Sneaker W/ Swan Log,198739007411,2,9.5,42.5,300,fw25,MENS,NAT,Footwear,150.45,174.0,240,Leather
45915,233076OLV,233076OLV,Leather Overlay Mesh Lace Up Sneaker W/ Swan Log,198739007565,3,10.0,43.0,300,fw25,MENS,OLV,Footwear,150.45,174.0,240,Leather
45915,233076OLV,233076OLV,Leather Overlay Mesh Lace Up Sneaker W/ Swan Log,198739007572,2,10.5,44.0,300,fw25,MENS,OLV,Footwear,150.45,174.0,240,Leather
45915,233076OLV,233076OLV,Leather Overlay Mesh Lace Up Sneaker W/ Swan Log,198739007589,1,11.0,45.0,300,fw25,MENS,OLV,Footwear,150.45,174.0,240,Leather
45915,233076OLV,233076OLV,Leather Overlay Mesh Lace Up Sneaker W/ Swan Log,198739007602,1,12.0,46.0,300,fw25,MENS,OLV,Footwear,150.45,174.0,240,Leather
45915,233076OLV,233076OLV,Leather Overlay Mesh Lace Up Sneaker W/ Swan Log,198739007510,1,7.5,40.5,300,fw25,MENS,OLV,Footwear,150.45,174.0,240,Leather
45915,233076OLV,233076OLV,Leather Overlay Mesh Lace Up Sneaker W/ Swan Log,198739007527,2,8.0,41.0,300,fw25,MENS,OLV,Footwear,150.45,174.0,240,Leather
45915,233076OLV,233076OLV,Leather Overlay Mesh Lace Up Sneaker W/ Swan Log,198739007541,2,9.0,42.0,300,fw25,MENS,OLV,Footwear,150.45,174.0,240,Leather
45915,233076OLV,233076OLV,Leather Overlay Mesh Lace Up Sneaker W/ Swan Log,198739007558,2,9.5,42.5,300,fw25,MENS,OLV,Footwear,150.45,174.0,240,Leather
45915,237214BBK,237214BBK,"""Air-Cooled MF,Water Repellent,Goodyear Rubber,S",194880905071,3,10.0,43.0,350,fw25,MENS,BBK,Footwear,175.525,203.0,280,"""Air-Cooled"
45915,237214BBK,237214BBK,"""Air-Cooled MF,Water Repellent,Goodyear Rubber,S",194880905088,2,10.5,44.0,350,fw25,MENS,BBK,Footwear,175.525,203.0,280,"""Air-Cooled"
45915,237214BBK,237214BBK,"""Air-Cooled MF,Water Repellent,Goodyear Rubber,S",194880905095,1,11.0,45.0,350,fw25,MENS,BBK,Footwear,175.525,203.0,280,"""Air-Cooled"
45915,237214BBK,237214BBK,"""Air-Cooled MF,Water Repellent,Goodyear Rubber,S",194880905118,1,12.0,46.0,350,fw25,MENS,BBK,Footwear,175.525,203.0,280,"""Air-Cooled"
45915,237214BBK,237214BBK,"""Air-Cooled MF,Water Repellent,Goodyear Rubber,S",194880905026,1,7.5,40.5,350,fw25,MENS,BBK,Footwear,175.525,203.0,280,"""Air-Cooled"
45915,237214BBK,237214BBK,"""Air-Cooled MF,Water Repellent,Goodyear Rubber,S",194880905033,2,8.0,41.0,350,fw25,MENS,BBK,Footwear,175.525,203.0,280,"""Air-Cooled"
45915,237214BBK,237214BBK,"""Air-Cooled MF,Water Repellent,Goodyear Rubber,S",194880905057,2,9.0,42.0,350,fw25,MENS,BBK,Footwear,175.525,203.0,280,"""Air-Cooled"
45915,237214BBK,237214BBK,"""Air-Cooled MF,Water Repellent,Goodyear Rubber,S",194880905064,2,9.5,42.5,350,fw25,MENS,BBK,Footwear,175.525,203.0,280,"""Air-Cooled"
45915,237524BBK,237524BBK,100% Waterproof Goodyear Rubber Lace-Up Outdoor,198376369026,3,10.0,43.0,450,fw25,MENS,BBK,Footwear,225.675,261.0,360,100%
45915,237524BBK,237524BBK,100% Waterproof Goodyear Rubber Lace-Up Outdoor,198376369033,2,10.5,44.0,450,fw25,MENS,BBK,Footwear,225.675,261.0,360,100%
45915,237524BBK,237524BBK,100% Waterproof Goodyear Rubber Lace-Up Outdoor,198376369040,1,11.0,45.0,450,fw25,MENS,BBK,Footwear,225.675,261.0,360,100%
45915,237524BBK,237524BBK,100% Waterproof Goodyear Rubber Lace-Up Outdoor,198376369064,1,12.0,46.0,450,fw25,MENS,BBK,Footwear,225.675,261.0,360,100%
45915,237524BBK,237524BBK,100% Waterproof Goodyear Rubber Lace-Up Outdoor,198376368975,1,7.5,40.5,450,fw25,MENS,BBK,Footwear,225.675,261.0,360,100%
45915,237524BBK,237524BBK,100% Waterproof Goodyear Rubber Lace-Up Outdoor,198376368982,2,8.0,41.0,450,fw25,MENS,BBK,Footwear,225.675,261.0,360,100%
45915,237524BBK,237524BBK,100% Waterproof Goodyear Rubber Lace-Up Outdoor,198376369002,2,9.0,42.0,450,fw25,MENS,BBK,Footwear,225.675,261.0,360,100%
45915,237524BBK,237524BBK,100% Waterproof Goodyear Rubber Lace-Up Outdoor,198376369019,2,9.5,42.5,450,fw25,MENS,BBK,Footwear,225.675,261.0,360,100%
45915,237524BROR,237524BROR,100% Waterproof Goodyear Rubber Lace-Up Outdoor,198376369309,3,10.0,43.0,450,fw25,MENS,BROR,Footwear,225.675,261.0,360,100%
45915,237524BROR,237524BROR,100% Waterproof Goodyear Rubber Lace-Up Outdoor,198376369316,2,10.5,44.0,450,fw25,MENS,BROR,Footwear,225.675,261.0,360,100%
45915,237524BROR,237524BROR,100% Waterproof Goodyear Rubber Lace-Up Outdoor,198376369323,1,11.0,45.0,450,fw25,MENS,BROR,Footwear,225.675,261.0,360,100%
45915,237524BROR,237524BROR,100% Waterproof Goodyear Rubber Lace-Up Outdoor,198376369347,1,12.0,46.0,450,fw25,MENS,BROR,Footwear,225.675,261.0,360,100%
45915,237524BROR,237524BROR,100% Waterproof Goodyear Rubber Lace-Up Outdoor,198376369255,1,7.5,40.5,450,fw25,MENS,BROR,Footwear,225.675,261.0,360,100%
45915,237524BROR,237524BROR,100% Waterproof Goodyear Rubber Lace-Up Outdoor,198376369262,2,8.0,41.0,450,fw25,MENS,BROR,Footwear,225.675,261.0,360,100%
45915,237524BROR,237524BROR,100% Waterproof Goodyear Rubber Lace-Up Outdoor,198376369286,2,9.0,42.0,450,fw25,MENS,BROR,Footwear,225.675,261.0,360,100%
45915,237524BROR,237524BROR,100% Waterproof Goodyear Rubber Lace-Up Outdoor,198376369293,2,9.5,42.5,450,fw25,MENS,BROR,Footwear,225.675,261.0,360,100%
45915,237603BKCC,237603BKCC,Arch Fit Engineered Mesh Lace-Up Sneaker,198376041625,3,10.0,43.0,400,fw25,MENS,BKCC,Footwear,200.6,232.0,320,Arch
45915,237603BKCC,237603BKCC,Arch Fit Engineered Mesh Lace-Up Sneaker,198376041632,2,10.5,44.0,400,fw25,MENS,BKCC,Footwear,200.6,232.0,320,Arch
45915,237603BKCC,237603BKCC,Arch Fit Engineered Mesh Lace-Up Sneaker,198376041649,1,11.0,45.0,400,fw25,MENS,BKCC,Footwear,200.6,232.0,320,Arch
45915,237603BKCC,237603BKCC,Arch Fit Engineered Mesh Lace-Up Sneaker,198376041663,1,12.0,46.0,400,fw25,MENS,BKCC,Footwear,200.6,232.0,320,Arch
45915,237603BKCC,237603BKCC,Arch Fit Engineered Mesh Lace-Up Sneaker,198376041571,1,7.5,40.5,400,fw25,MENS,BKCC,Footwear,200.6,232.0,320,Arch
45915,237603BKCC,237603BKCC,Arch Fit Engineered Mesh Lace-Up Sneaker,198376041588,2,8.0,41.0,400,fw25,MENS,BKCC,Footwear,200.6,232.0,320,Arch
45915,237603BKCC,237603BKCC,Arch Fit Engineered Mesh Lace-Up Sneaker,198376041601,2,9.0,42.0,400,fw25,MENS,BKCC,Footwear,200.6,232.0,320,Arch
45915,237603BKCC,237603BKCC,Arch Fit Engineered Mesh Lace-Up Sneaker,198376041618,2,9.5,42.5,400,fw25,MENS,BKCC,Footwear,200.6,232.0,320,Arch
45915,237634BKBR,237634BKBR,Slip-Ins Leather Overlay Lace-Up W/ Air Cooled M,198376486334,3,10.0,43.0,350,fw25,MENS,BKBR,Footwear,175.525,203.0,280,Skechers
45915,237634BKBR,237634BKBR,Slip-Ins Leather Overlay Lace-Up W/ Air Cooled M,198376486341,2,10.5,44.0,350,fw25,MENS,BKBR,Footwear,175.525,203.0,280,Skechers
45915,237634BKBR,237634BKBR,Slip-Ins Leather Overlay Lace-Up W/ Air Cooled M,198376486358,1,11.0,45.0,350,fw25,MENS,BKBR,Footwear,175.525,203.0,280,Skechers
45915,237634BKBR,237634BKBR,Slip-Ins Leather Overlay Lace-Up W/ Air Cooled M,198376486372,1,12.0,46.0,350,fw25,MENS,BKBR,Footwear,175.525,203.0,280,Skechers
45915,237634BKBR,237634BKBR,Slip-Ins Leather Overlay Lace-Up W/ Air Cooled M,198376486280,1,7.5,40.5,350,fw25,MENS,BKBR,Footwear,175.525,203.0,280,Skechers
45915,237634BKBR,237634BKBR,Slip-Ins Leather Overlay Lace-Up W/ Air Cooled M,198376486297,2,8.0,41.0,350,fw25,MENS,BKBR,Footwear,175.525,203.0,280,Skechers
45915,237634BKBR,237634BKBR,Slip-Ins Leather Overlay Lace-Up W/ Air Cooled M,198376486310,2,9.0,42.0,350,fw25,MENS,BKBR,Footwear,175.525,203.0,280,Skechers
45915,237634BKBR,237634BKBR,Slip-Ins Leather Overlay Lace-Up W/ Air Cooled M,198376486327,2,9.5,42.5,350,fw25,MENS,BKBR,Footwear,175.525,203.0,280,Skechers
45915,237634TPE,237634TPE,Slip-Ins Leather Overlay Lace-Up W/ Air Cooled M,198376588878,3,10.0,43.0,350,fw25,MENS,TPE,Footwear,175.525,203.0,280,Skechers
45915,237634TPE,237634TPE,Slip-Ins Leather Overlay Lace-Up W/ Air Cooled M,198376588885,2,10.5,44.0,350,fw25,MENS,TPE,Footwear,175.525,203.0,280,Skechers
45915,237634TPE,237634TPE,Slip-Ins Leather Overlay Lace-Up W/ Air Cooled M,198376588892,1,11.0,45.0,350,fw25,MENS,TPE,Footwear,175.525,203.0,280,Skechers
45915,237634TPE,237634TPE,Slip-Ins Leather Overlay Lace-Up W/ Air Cooled M,198376588915,1,12.0,46.0,350,fw25,MENS,TPE,Footwear,175.525,203.0,280,Skechers
45915,237634TPE,237634TPE,Slip-Ins Leather Overlay Lace-Up W/ Air Cooled M,198376588823,1,7.5,40.5,350,fw25,MENS,TPE,Footwear,175.525,203.0,280,Skechers
45915,237634TPE,237634TPE,Slip-Ins Leather Overlay Lace-Up W/ Air Cooled M,198376588830,2,8.0,41.0,350,fw25,MENS,TPE,Footwear,175.525,203.0,280,Skechers
45915,237634TPE,237634TPE,Slip-Ins Leather Overlay Lace-Up W/ Air Cooled M,198376588854,2,9.0,42.0,350,fw25,MENS,TPE,Footwear,175.525,203.0,280,Skechers
45915,237634TPE,237634TPE,Slip-Ins Leather Overlay Lace-Up W/ Air Cooled M,198376588861,2,9.5,42.5,350,fw25,MENS,TPE,Footwear,175.525,203.0,280,Skechers
45915,237790BBK,237790BBK,Leather Overlay Lace Up W/ Air Cooled Mf,198739044119,3,10.0,43.0,400,fw25,MENS,BBK,Footwear,200.6,232.0,320,Leather
45915,237790BBK,237790BBK,Leather Overlay Lace Up W/ Air Cooled Mf,198739044126,2,10.5,44.0,400,fw25,MENS,BBK,Footwear,200.6,232.0,320,Leather
45915,237790BBK,237790BBK,Leather Overlay Lace Up W/ Air Cooled Mf,198739044133,1,11.0,45.0,400,fw25,MENS,BBK,Footwear,200.6,232.0,320,Leather
45915,237790BBK,237790BBK,Leather Overlay Lace Up W/ Air Cooled Mf,198739044157,1,12.0,46.0,400,fw25,MENS,BBK,Footwear,200.6,232.0,320,Leather
45915,237790BBK,237790BBK,Leather Overlay Lace Up W/ Air Cooled Mf,198739044065,1,7.5,40.5,400,fw25,MENS,BBK,Footwear,200.6,232.0,320,Leather
45915,237790BBK,237790BBK,Leather Overlay Lace Up W/ Air Cooled Mf,198739044072,2,8.0,41.0,400,fw25,MENS,BBK,Footwear,200.6,232.0,320,Leather
45915,237790BBK,237790BBK,Leather Overlay Lace Up W/ Air Cooled Mf,198739044096,2,9.0,42.0,400,fw25,MENS,BBK,Footwear,200.6,232.0,320,Leather
45915,237790BBK,237790BBK,Leather Overlay Lace Up W/ Air Cooled Mf,198739044102,2,9.5,42.5,400,fw25,MENS,BBK,Footwear,200.6,232.0,320,Leather
45915,237790NAT,237790NAT,Leather Overlay Lace Up W/ Air Cooled Mf,198739005868,3,10.0,43.0,400,fw25,MENS,NAT,Footwear,200.6,232.0,320,Leather
45915,237790NAT,237790NAT,Leather Overlay Lace Up W/ Air Cooled Mf,198739005875,2,10.5,44.0,400,fw25,MENS,NAT,Footwear,200.6,232.0,320,Leather
45915,237790NAT,237790NAT,Leather Overlay Lace Up W/ Air Cooled Mf,198739005882,1,11.0,45.0,400,fw25,MENS,NAT,Footwear,200.6,232.0,320,Leather
45915,237790NAT,237790NAT,Leather Overlay Lace Up W/ Air Cooled Mf,198739005905,1,12.0,46.0,400,fw25,MENS,NAT,Footwear,200.6,232.0,320,Leather
45915,237790NAT,237790NAT,Leather Overlay Lace Up W/ Air Cooled Mf,198739005813,1,7.5,40.5,400,fw25,MENS,NAT,Footwear,200.6,232.0,320,Leather
45915,237790NAT,237790NAT,Leather Overlay Lace Up W/ Air Cooled Mf,198739005820,2,8.0,41.0,400,fw25,MENS,NAT,Footwear,200.6,232.0,320,Leather
45915,237790NAT,237790NAT,Leather Overlay Lace Up W/ Air Cooled Mf,198739005844,2,9.0,42.0,400,fw25,MENS,NAT,Footwear,200.6,232.0,320,Leather
45915,237790NAT,237790NAT,Leather Overlay Lace Up W/ Air Cooled Mf,198739005851,2,9.5,42.5,400,fw25,MENS,NAT,Footwear,200.6,232.0,320,Leather
45915,303713NAQMT,303713NAQMT,Lighted Gore & Strap Sneaker W/ Ombre Embossed U,198739810820,4,10.0,26.0,190,fw25,GIRLS-N,AQMT,Footwear,95.285,110.2,152,Lighted
45915,303713NAQMT,303713NAQMT,Lighted Gore & Strap Sneaker W/ Ombre Embossed U,198739810783,1,6.0,22.0,190,fw25,GIRLS-N,AQMT,Footwear,95.285,110.2,152,Lighted
45915,303713NAQMT,303713NAQMT,Lighted Gore & Strap Sneaker W/ Ombre Embossed U,198739810790,2,7.0,23.0,190,fw25,GIRLS-N,AQMT,Footwear,95.285,110.2,152,Lighted
45915,303713NAQMT,303713NAQMT,Lighted Gore & Strap Sneaker W/ Ombre Embossed U,198739810806,3,8.0,24.0,190,fw25,GIRLS-N,AQMT,Footwear,95.285,110.2,152,Lighted
45915,303713NAQMT,303713NAQMT,Lighted Gore & Strap Sneaker W/ Ombre Embossed U,198739810813,4,9.0,25.0,190,fw25,GIRLS-N,AQMT,Footwear,95.285,110.2,152,Lighted
45915,303715LBLK,303715LBLK,Lighted Gore & Strap Sneaker W/ Multi Color Ligh,196989585512,2,1.0,32.0,200,fw25,GIRLS-L,BLK,Footwear,100.3,116.0,160,Lighted
45915,303715LBLK,303715LBLK,Lighted Gore & Strap Sneaker W/ Multi Color Ligh,196989585529,2,1.5,33.0,200,fw25,GIRLS-L,BLK,Footwear,100.3,116.0,160,Lighted
45915,303715LBLK,303715LBLK,Lighted Gore & Strap Sneaker W/ Multi Color Ligh,196989585444,1,10.5,27.0,200,fw25,GIRLS-L,BLK,Footwear,100.3,116.0,160,Lighted
45915,303715LBLK,303715LBLK,Lighted Gore & Strap Sneaker W/ Multi Color Ligh,196989585468,1,11.5,28.0,200,fw25,GIRLS-L,BLK,Footwear,100.3,116.0,160,Lighted
45915,303715LBLK,303715LBLK,Lighted Gore & Strap Sneaker W/ Multi Color Ligh,196989585482,2,12.5,29.0,200,fw25,GIRLS-L,BLK,Footwear,100.3,116.0,160,Lighted
45915,303715LBLK,303715LBLK,Lighted Gore & Strap Sneaker W/ Multi Color Ligh,196989585499,2,13.0,30.0,200,fw25,GIRLS-L,BLK,Footwear,100.3,116.0,160,Lighted
45915,303715LBLK,303715LBLK,Lighted Gore & Strap Sneaker W/ Multi Color Ligh,196989585505,2,13.5,31.0,200,fw25,GIRLS-L,BLK,Footwear,100.3,116.0,160,Lighted
45915,303715LBLK,303715LBLK,Lighted Gore & Strap Sneaker W/ Multi Color Ligh,196989585543,2,2.5,34.0,200,fw25,GIRLS-L,BLK,Footwear,100.3,116.0,160,Lighted
45915,303715LBLK,303715LBLK,Lighted Gore & Strap Sneaker W/ Multi Color Ligh,196989585550,2,3.0,35.0,200,fw25,GIRLS-L,BLK,Footwear,100.3,116.0,160,Lighted
45915,310380LLPMT,310380LLPMT,Gore & Strap Sneaker W/Color Block Detail,198376999179,2,1.0,32.0,200,fw25,GIRLS-L,LPMT,Footwear,100.3,116.0,160,Gore
45915,310380LLPMT,310380LLPMT,Gore & Strap Sneaker W/Color Block Detail,198376999186,2,1.5,33.0,200,fw25,GIRLS-L,LPMT,Footwear,100.3,116.0,160,Gore
45915,310380LLPMT,310380LLPMT,Gore & Strap Sneaker W/Color Block Detail,198376999100,1,10.5,27.0,200,fw25,GIRLS-L,LPMT,Footwear,100.3,116.0,160,Gore
45915,310380LLPMT,310380LLPMT,Gore & Strap Sneaker W/Color Block Detail,198376999124,1,11.5,28.0,200,fw25,GIRLS-L,LPMT,Footwear,100.3,116.0,160,Gore
45915,310380LLPMT,310380LLPMT,Gore & Strap Sneaker W/Color Block Detail,198376999148,2,12.5,29.0,200,fw25,GIRLS-L,LPMT,Footwear,100.3,116.0,160,Gore
45915,310380LLPMT,310380LLPMT,Gore & Strap Sneaker W/Color Block Detail,198376999155,2,13.0,30.0,200,fw25,GIRLS-L,LPMT,Footwear,100.3,116.0,160,Gore
45915,310380LLPMT,310380LLPMT,Gore & Strap Sneaker W/Color Block Detail,198376999162,2,13.5,31.0,200,fw25,GIRLS-L,LPMT,Footwear,100.3,116.0,160,Gore
45915,310380LLPMT,310380LLPMT,Gore & Strap Sneaker W/Color Block Detail,198376999209,2,2.5,34.0,200,fw25,GIRLS-L,LPMT,Footwear,100.3,116.0,160,Gore
45915,310380LLPMT,310380LLPMT,Gore & Strap Sneaker W/Color Block Detail,198376999216,2,3.0,35.0,200,fw25,GIRLS-L,LPMT,Footwear,100.3,116.0,160,Gore
45915,310380LNAT,310380LNAT,Gore & Strap Sneaker W/Color Block Detail,198376999339,2,1.0,32.0,200,fw25,GIRLS-L,NAT,Footwear,100.3,116.0,160,Gore
45915,310380LNAT,310380LNAT,Gore & Strap Sneaker W/Color Block Detail,198376999346,2,1.5,33.0,200,fw25,GIRLS-L,NAT,Footwear,100.3,116.0,160,Gore
45915,310380LNAT,310380LNAT,Gore & Strap Sneaker W/Color Block Detail,198376999261,1,10.5,27.0,200,fw25,GIRLS-L,NAT,Footwear,100.3,116.0,160,Gore
45915,310380LNAT,310380LNAT,Gore & Strap Sneaker W/Color Block Detail,198376999285,1,11.5,28.0,200,fw25,GIRLS-L,NAT,Footwear,100.3,116.0,160,Gore
45915,310380LNAT,310380LNAT,Gore & Strap Sneaker W/Color Block Detail,198376999308,2,12.5,29.0,200,fw25,GIRLS-L,NAT,Footwear,100.3,116.0,160,Gore
45915,310380LNAT,310380LNAT,Gore & Strap Sneaker W/Color Block Detail,198376999315,2,13.0,30.0,200,fw25,GIRLS-L,NAT,Footwear,100.3,116.0,160,Gore
45915,310380LNAT,310380LNAT,Gore & Strap Sneaker W/Color Block Detail,198376999322,2,13.5,31.0,200,fw25,GIRLS-L,NAT,Footwear,100.3,116.0,160,Gore
45915,310380LNAT,310380LNAT,Gore & Strap Sneaker W/Color Block Detail,198376999360,2,2.5,34.0,200,fw25,GIRLS-L,NAT,Footwear,100.3,116.0,160,Gore
45915,310380LNAT,310380LNAT,Gore & Strap Sneaker W/Color Block Detail,198376999377,2,3.0,35.0,200,fw25,GIRLS-L,NAT,Footwear,100.3,116.0,160,Gore
45915,310451LBKRG,310451LBKRG,Gore & Strap Fashion Embossed Sneaker,195204055243,2,1.0,32.0,180,fw25,GIRLS-L,BKRG,Footwear,90.27,104.4,144,Gore
45915,310451LBKRG,310451LBKRG,Gore & Strap Fashion Embossed Sneaker,195204055250,2,1.5,33.0,180,fw25,GIRLS-L,BKRG,Footwear,90.27,104.4,144,Gore
45915,310451LBKRG,310451LBKRG,Gore & Strap Fashion Embossed Sneaker,195204055175,1,10.5,27.0,180,fw25,GIRLS-L,BKRG,Footwear,90.27,104.4,144,Gore
45915,310451LBKRG,310451LBKRG,Gore & Strap Fashion Embossed Sneaker,195204055199,1,11.5,28.0,180,fw25,GIRLS-L,BKRG,Footwear,90.27,104.4,144,Gore
45915,310451LBKRG,310451LBKRG,Gore & Strap Fashion Embossed Sneaker,195204055212,2,12.5,29.0,180,fw25,GIRLS-L,BKRG,Footwear,90.27,104.4,144,Gore
45915,310451LBKRG,310451LBKRG,Gore & Strap Fashion Embossed Sneaker,195204055229,2,13.0,30.0,180,fw25,GIRLS-L,BKRG,Footwear,90.27,104.4,144,Gore
45915,310451LBKRG,310451LBKRG,Gore & Strap Fashion Embossed Sneaker,195204055236,2,13.5,31.0,180,fw25,GIRLS-L,BKRG,Footwear,90.27,104.4,144,Gore
45915,310451LBKRG,310451LBKRG,Gore & Strap Fashion Embossed Sneaker,195204055274,2,2.5,34.0,180,fw25,GIRLS-L,BKRG,Footwear,90.27,104.4,144,Gore
45915,310451LBKRG,310451LBKRG,Gore & Strap Fashion Embossed Sneaker,195204055281,2,3.0,35.0,180,fw25,GIRLS-L,BKRG,Footwear,90.27,104.4,144,Gore
45915,310451LWHP,310451LWHP,Gore & Strap Fashion Embossed Sneaker,195204155455,2,1.0,32.0,180,fw25,GIRLS-L,WHP,Footwear,90.27,104.4,144,Gore
45915,310451LWHP,310451LWHP,Gore & Strap Fashion Embossed Sneaker,195204155462,2,1.5,33.0,180,fw25,GIRLS-L,WHP,Footwear,90.27,104.4,144,Gore
45915,310451LWHP,310451LWHP,Gore & Strap Fashion Embossed Sneaker,195204155387,1,10.5,27.0,180,fw25,GIRLS-L,WHP,Footwear,90.27,104.4,144,Gore
45915,310451LWHP,310451LWHP,Gore & Strap Fashion Embossed Sneaker,195204155400,1,11.5,28.0,180,fw25,GIRLS-L,WHP,Footwear,90.27,104.4,144,Gore
45915,310451LWHP,310451LWHP,Gore & Strap Fashion Embossed Sneaker,195204155424,2,12.5,29.0,180,fw25,GIRLS-L,WHP,Footwear,90.27,104.4,144,Gore
45915,310451LWHP,310451LWHP,Gore & Strap Fashion Embossed Sneaker,195204155431,2,13.0,30.0,180,fw25,GIRLS-L,WHP,Footwear,90.27,104.4,144,Gore
45915,310451LWHP,310451LWHP,Gore & Strap Fashion Embossed Sneaker,195204155448,2,13.5,31.0,180,fw25,GIRLS-L,WHP,Footwear,90.27,104.4,144,Gore
45915,310451LWHP,310451LWHP,Gore & Strap Fashion Embossed Sneaker,195204155486,2,2.5,34.0,180,fw25,GIRLS-L,WHP,Footwear,90.27,104.4,144,Gore
45915,310451LWHP,310451LWHP,Gore & Strap Fashion Embossed Sneaker,195204155493,2,3.0,35.0,180,fw25,GIRLS-L,WHP,Footwear,90.27,104.4,144,Gore
45915,403739LBBK,403739LBBK,Gore & Strap Waterproof Sneaker,196989402703,2,1.0,32.0,200,fw25,BOYS-L,BBK,Footwear,100.3,116.0,160,Gore
45915,403739LBBK,403739LBBK,Gore & Strap Waterproof Sneaker,196989402710,2,1.5,33.0,200,fw25,BOYS-L,BBK,Footwear,100.3,116.0,160,Gore
45915,403739LBBK,403739LBBK,Gore & Strap Waterproof Sneaker,196989402635,1,10.5,27.0,200,fw25,BOYS-L,BBK,Footwear,100.3,116.0,160,Gore
45915,403739LBBK,403739LBBK,Gore & Strap Waterproof Sneaker,196989402659,1,11.5,28.0,200,fw25,BOYS-L,BBK,Footwear,100.3,116.0,160,Gore
45915,403739LBBK,403739LBBK,Gore & Strap Waterproof Sneaker,196989402673,2,12.5,29.0,200,fw25,BOYS-L,BBK,Footwear,100.3,116.0,160,Gore
45915,403739LBBK,403739LBBK,Gore & Strap Waterproof Sneaker,196989402680,2,13.0,30.0,200,fw25,BOYS-L,BBK,Footwear,100.3,116.0,160,Gore
45915,403739LBBK,403739LBBK,Gore & Strap Waterproof Sneaker,196989402697,2,13.5,31.0,200,fw25,BOYS-L,BBK,Footwear,100.3,116.0,160,Gore
45915,403739LBBK,403739LBBK,Gore & Strap Waterproof Sneaker,196989402734,2,2.5,34.0,200,fw25,BOYS-L,BBK,Footwear,100.3,116.0,160,Gore
45915,403739LBBK,403739LBBK,Gore & Strap Waterproof Sneaker,196989402741,2,3.0,35.0,200,fw25,BOYS-L,BBK,Footwear,100.3,116.0,160,Gore
45915,403739LNVRD,403739LNVRD,Gore & Strap Waterproof Sneaker,196989952475,2,1.0,32.0,200,fw25,BOYS-L,NVRD,Footwear,100.3,116.0,160,Gore
45915,403739LNVRD,403739LNVRD,Gore & Strap Waterproof Sneaker,196989952482,2,1.5,33.0,200,fw25,BOYS-L,NVRD,Footwear,100.3,116.0,160,Gore
45915,403739LNVRD,403739LNVRD,Gore & Strap Waterproof Sneaker,196989952406,1,10.5,27.0,200,fw25,BOYS-L,NVRD,Footwear,100.3,116.0,160,Gore
45915,403739LNVRD,403739LNVRD,Gore & Strap Waterproof Sneaker,196989952420,1,11.5,28.0,200,fw25,BOYS-L,NVRD,Footwear,100.3,116.0,160,Gore
45915,403739LNVRD,403739LNVRD,Gore & Strap Waterproof Sneaker,196989952444,2,12.5,29.0,200,fw25,BOYS-L,NVRD,Footwear,100.3,116.0,160,Gore
45915,403739LNVRD,403739LNVRD,Gore & Strap Waterproof Sneaker,196989952451,2,13.0,30.0,200,fw25,BOYS-L,NVRD,Footwear,100.3,116.0,160,Gore
45915,403739LNVRD,403739LNVRD,Gore & Strap Waterproof Sneaker,196989952468,2,13.5,31.0,200,fw25,BOYS-L,NVRD,Footwear,100.3,116.0,160,Gore
45915,403739LNVRD,403739LNVRD,Gore & Strap Waterproof Sneaker,196989952505,2,2.5,34.0,200,fw25,BOYS-L,NVRD,Footwear,100.3,116.0,160,Gore
45915,403739LNVRD,403739LNVRD,Gore & Strap Waterproof Sneaker,196989952512,2,3.0,35.0,200,fw25,BOYS-L,NVRD,Footwear,100.3,116.0,160,Gore
45915,403860LBKSL,403860LBKSL,Gore & Strap Sneaker W/ Tuff-Tech Upper,198376361754,2,1.0,32.0,200,fw25,BOYS-L,BKSL,Footwear,100.3,116.0,160,Gore
45915,403860LBKSL,403860LBKSL,Gore & Strap Sneaker W/ Tuff-Tech Upper,198376361761,2,1.5,33.0,200,fw25,BOYS-L,BKSL,Footwear,100.3,116.0,160,Gore
45915,403860LBKSL,403860LBKSL,Gore & Strap Sneaker W/ Tuff-Tech Upper,198376361686,1,10.5,27.0,200,fw25,BOYS-L,BKSL,Footwear,100.3,116.0,160,Gore
45915,403860LBKSL,403860LBKSL,Gore & Strap Sneaker W/ Tuff-Tech Upper,198376361709,1,11.5,28.0,200,fw25,BOYS-L,BKSL,Footwear,100.3,116.0,160,Gore
45915,403860LBKSL,403860LBKSL,Gore & Strap Sneaker W/ Tuff-Tech Upper,198376361723,2,12.5,29.0,200,fw25,BOYS-L,BKSL,Footwear,100.3,116.0,160,Gore
45915,403860LBKSL,403860LBKSL,Gore & Strap Sneaker W/ Tuff-Tech Upper,198376361730,2,13.0,30.0,200,fw25,BOYS-L,BKSL,Footwear,100.3,116.0,160,Gore
45915,403860LBKSL,403860LBKSL,Gore & Strap Sneaker W/ Tuff-Tech Upper,198376361747,2,13.5,31.0,200,fw25,BOYS-L,BKSL,Footwear,100.3,116.0,160,Gore
45915,403860LBKSL,403860LBKSL,Gore & Strap Sneaker W/ Tuff-Tech Upper,198376361785,2,2.5,34.0,200,fw25,BOYS-L,BKSL,Footwear,100.3,116.0,160,Gore
45915,403860LBKSL,403860LBKSL,Gore & Strap Sneaker W/ Tuff-Tech Upper,198376361792,2,3.0,35.0,200,fw25,BOYS-L,BKSL,Footwear,100.3,116.0,160,Gore
45915,405626LBBK,405626LBBK,Gore & Strap Lightweight Sneaker,196989414706,2,1.0,32.0,170,fw25,BOYS-L,BBK,Footwear,85.255,98.6,136,Gore
45915,405626LBBK,405626LBBK,Gore & Strap Lightweight Sneaker,196989414713,3,1.5,33.0,170,fw25,BOYS-L,BBK,Footwear,85.255,98.6,136,Gore
45915,405626LBBK,405626LBBK,Gore & Strap Lightweight Sneaker,196989414638,1,10.5,27.0,170,fw25,BOYS-L,BBK,Footwear,85.255,98.6,136,Gore
45915,405626LBBK,405626LBBK,Gore & Strap Lightweight Sneaker,196989414652,1,11.5,28.0,170,fw25,BOYS-L,BBK,Footwear,85.255,98.6,136,Gore
45915,405626LBBK,405626LBBK,Gore & Strap Lightweight Sneaker,196989414676,1,12.5,29.0,170,fw25,BOYS-L,BBK,Footwear,85.255,98.6,136,Gore
45915,405626LBBK,405626LBBK,Gore & Strap Lightweight Sneaker,196989414683,1,13.0,30.0,170,fw25,BOYS-L,BBK,Footwear,85.255,98.6,136,Gore
45915,405626LBBK,405626LBBK,Gore & Strap Lightweight Sneaker,196989414690,1,13.5,31.0,170,fw25,BOYS-L,BBK,Footwear,85.255,98.6,136,Gore
45915,405626LBBK,405626LBBK,Gore & Strap Lightweight Sneaker,196989414737,3,2.5,34.0,170,fw25,BOYS-L,BBK,Footwear,85.255,98.6,136,Gore
45915,405626LBBK,405626LBBK,Gore & Strap Lightweight Sneaker,196989414744,3,3.0,35.0,170,fw25,BOYS-L,BBK,Footwear,85.255,98.6,136,Gore
45915,52458BBK,52458BBK,Lace-Up Durabuck Sneaker W/ Air-Cooled Memory Fo,193642044492,3,10.0,43.0,350,fw25,MENS,BBK,Footwear,175.525,203.0,280,Lace-Up
45915,52458BBK,52458BBK,Lace-Up Durabuck Sneaker W/ Air-Cooled Memory Fo,193642044508,2,10.5,44.0,350,fw25,MENS,BBK,Footwear,175.525,203.0,280,Lace-Up
45915,52458BBK,52458BBK,Lace-Up Durabuck Sneaker W/ Air-Cooled Memory Fo,193642044515,1,11.0,45.0,350,fw25,MENS,BBK,Footwear,175.525,203.0,280,Lace-Up
45915,52458BBK,52458BBK,Lace-Up Durabuck Sneaker W/ Air-Cooled Memory Fo,193642044539,1,12.0,46.0,350,fw25,MENS,BBK,Footwear,175.525,203.0,280,Lace-Up
45915,52458BBK,52458BBK,Lace-Up Durabuck Sneaker W/ Air-Cooled Memory Fo,193642044447,1,7.5,40.5,350,fw25,MENS,BBK,Footwear,175.525,203.0,280,Lace-Up
45915,52458BBK,52458BBK,Lace-Up Durabuck Sneaker W/ Air-Cooled Memory Fo,193642044454,2,8.0,41.0,350,fw25,MENS,BBK,Footwear,175.525,203.0,280,Lace-Up
45915,52458BBK,52458BBK,Lace-Up Durabuck Sneaker W/ Air-Cooled Memory Fo,193642044478,2,9.0,42.0,350,fw25,MENS,BBK,Footwear,175.525,203.0,280,Lace-Up
45915,52458BBK,52458BBK,Lace-Up Durabuck Sneaker W/ Air-Cooled Memory Fo,193642044485,2,9.5,42.5,350,fw25,MENS,BBK,Footwear,175.525,203.0,280,Lace-Up
45915,73690WHT,73690WHT,Durabuck Lace Up Fashion Sneaker,191665119272,4,10.0,40.0,350,fw25,WOMENS,WHT,Footwear,175.525,203.0,280,Durabuck
45915,73690WHT,73690WHT,Durabuck Lace Up Fashion Sneaker,191665119197,2,6.0,36.0,350,fw25,WOMENS,WHT,Footwear,175.525,203.0,280,Durabuck
45915,73690WHT,73690WHT,Durabuck Lace Up Fashion Sneaker,191665119210,4,7.0,37.0,350,fw25,WOMENS,WHT,Footwear,175.525,203.0,280,Durabuck
45915,73690WHT,73690WHT,Durabuck Lace Up Fashion Sneaker,191665119227,2,7.5,37.5,350,fw25,WOMENS,WHT,Footwear,175.525,203.0,280,Durabuck
45915,73690WHT,73690WHT,Durabuck Lace Up Fashion Sneaker,191665119234,6,8.0,38.0,350,fw25,WOMENS,WHT,Footwear,175.525,203.0,280,Durabuck
45915,73690WHT,73690WHT,Durabuck Lace Up Fashion Sneaker,191665119241,4,8.5,38.5,350,fw25,WOMENS,WHT,Footwear,175.525,203.0,280,Durabuck
45915,73690WHT,73690WHT,Durabuck Lace Up Fashion Sneaker,191665119258,6,9.0,39.0,350,fw25,WOMENS,WHT,Footwear,175.525,203.0,280,Durabuck
45915,9997,חבילות,BOX,9997,42,0.0,,0,fw25,חבילות,,Unknown,0.01003,0.0116,0,BOX
45915,9997,חבילות,BOX,9997,1,0.0,,0,fw25,חבילות,,Unknown,0.01003,0.0116,0,BOX
45915,9997,חבילות,BOX,9997,5,0.0,,0,fw25,חבילות,,Unknown,0.01003,0.0116,0,BOX
